https://www.mindat.org/photos/d00/00/ad00001.jpg, Adamite, 
https://www.mindat.org/photos/n00/00/an00001.jpg, Anglesite, 
https://www.mindat.org/photos/p00/00/ap00001.jpg, Fluorapatite, 
https://www.mindat.org/photos/r00/00/ar00002.jpg, Artinite, 
https://www.mindat.org/photos/o00/00/co00004.jpg, Dolomite (Var: Cobaltoan Dolomite), 
https://www.mindat.org/photos/y00/00/cy00001.jpg, Cylindrite, 
https://www.mindat.org/photos/r00/00/cr00002.jpg, Cryptomelane, 
https://www.mindat.org/photos/i00/00/di00001.jpg, Dioptase, 
https://www.mindat.org/photos/y00/00/gy00001.jpg, Gypsum, 
https://www.mindat.org/photos/a00/00/ga00001.jpg, Gahnite, 
https://www.mindat.org/photos/n00/00/an00003.jpg, Analcime, 
https://www.mindat.org/photos/r00/00/ar00001.jpg, Aragonite, 
https://www.mindat.org/photos/r00/00/ar00003.jpg, Aragonite, 
https://www.mindat.org/photos/n00/00/an00002.jpg, Anglesite, 
https://www.mindat.org/photos/a00/00/ca00004.jpg, Calcite, 
https://www.mindat.org/photos/u00/00/au00002.jpg, Aurichalcite, 
https://www.mindat.org/photos/a00/00/ca00005.jpg, Calcite, 
https://www.mindat.org/photos/u00/00/cu00001.jpg, Cuprite, 
https://www.mindat.org/photos/i00/00/bi00001.jpg, Bismuth, 
https://www.mindat.org/photos/u00/00/cu00002.jpg, Cuprosklodowskite, 
https://www.mindat.org/photos/e00/00/ce00002.jpg, Cerussite, 
https://www.mindat.org/photos/i00/00/mi00005.jpg, Millerite, 
https://www.mindat.org/photos/u00/00/au00001.jpg, Augelite, 
https://www.mindat.org/photos/e00/00/be00001.jpg, Becquerelite, 
https://www.mindat.org/photos/h00/00/ch00003.jpg, Chalcopyrite, 
https://www.mindat.org/photos/a00/00/ba00002.jpg, Baryte, 
https://www.mindat.org/photos/o00/00/bo00001.jpg, Bournonite, 
https://www.mindat.org/photos/a00/00/ca00001.jpg, Calcite, 
https://www.mindat.org/photos/i00/00/li00001.jpg, Linarite, 
https://www.mindat.org/photos/o00/00/go00006.jpg, Gold (Var: Palladian Gold), 
https://www.mindat.org/photos/a00/00/ca00002.jpg, Calcite, 
https://www.mindat.org/photos/i00/00/mi00004.jpg, Millerite, 
https://www.mindat.org/photos/e00/00/ce00001.jpg, Cerussite, 
https://www.mindat.org/photos/r00/00/or00001.jpg, Orpiment, 
https://www.mindat.org/photos/a00/00/ba00001.jpg, Baryte, 
https://www.mindat.org/photos/a00/00/la00001.jpg, Lanarkite, 
https://www.mindat.org/photos/h00/00/ch00005.jpg, Chalcopyrite, 
https://www.mindat.org/photos/i00/00/mi00006.jpg, Mimetite, 
https://www.mindat.org/photos/s00/00/ps00001.jpg, Pseudomalachite, 
https://www.mindat.org/photos/i00/00/mi00001.jpg, Mimetite, 
https://www.mindat.org/photos/a00/00/pa00001.jpg, Atacamite, 
https://www.mindat.org/photos/u00/00/qu00001.jpg, Quartz (Var: Capped Quartz), 
https://www.mindat.org/photos/a00/00/ca00003.jpg, Calcite, 
https://www.mindat.org/photos/r00/00/or00002.jpg, Orpiment, 
https://www.mindat.org/photos/h00/00/ch00002.jpg, Chalcocite, 
https://www.mindat.org/photos/a00/00/ba00003.jpg, Bayldonite, 
https://www.mindat.org/photos/o00/00/bo00002.jpg, Bournonite, 
https://www.mindat.org/photos/r00/00/pr00001.jpg, Prehnite, 
https://www.mindat.org/photos/h00/00/ch00001.jpg, Quartz (Var: Chalcedony), 
https://www.mindat.org/photos/l00/00/pl00001.jpg, Plancheite, 
https://www.mindat.org/photos/i00/00/mi00002.jpg, Mimetite, 
https://www.mindat.org/photos/h00/00/ch00004.jpg, Chalcophyllite, 
https://www.mindat.org/photos/y00/00/py00001.jpg, Pyrite, Andradite, 
https://www.mindat.org/photos/r00/00/cr00003.jpg, Crocoite, 
https://www.mindat.org/photos/y00/00/py00002.jpg, Pyrite, 
https://www.mindat.org/photos/o00/00/co00002.jpg, Conichalcite, 
https://www.mindat.org/photos/o00/00/go00004.jpg, Gold, 
https://www.mindat.org/photos/h00/00/rh00001.jpg, Rhodochrosite, 
https://www.mindat.org/photos/y00/00/py00005.jpg, Pyromorphite, 
https://www.mindat.org/photos/c00/00/sc00001.jpg, Scorodite, 
https://www.mindat.org/photos/o00/00/vo00001.jpg, Volborthite, 
https://www.mindat.org/photos/e00/00/re00001.jpg, Realgar, 
https://www.mindat.org/photos/a00/00/wa00001.jpg, Wavellite, 
https://www.mindat.org/photos/o00/00/wo00001.jpg, Woodwardite, 
https://www.mindat.org/photos/o00/00/co00003.jpg, Colemanite, 
https://www.mindat.org/photos/u00/00/wu00002.jpg, Wulfenite, 
https://www.mindat.org/photos/i00/00/wi00001.jpg, Witherite, 
https://www.mindat.org/photos/u00/00/wu00001.jpg, Wulfenite, 
https://www.mindat.org/photos/947/05/094705900972573494.jpg, Sperrylite, 
https://www.mindat.org/photos/387/78/038778900972573578.jpg, Grossular, Chrysotile, 
https://www.mindat.org/photos/314/95/031495400972573431.jpg, Neptunite, Benitoite, 
https://www.mindat.org/photos/057/82/005782100972570352.jpg, Dioptase, 
https://www.mindat.org/photos/115/70/011570800972576377.jpg, Scolecite, 
https://www.mindat.org/photos/679/08/067908500972576298.jpg, Dioptase, 
https://www.mindat.org/photos/166/81/016681500972576103.jpg, Hematite, Quartz, 
https://www.mindat.org/photos/991/79/099179300972576646.jpg, Beryl, 
https://www.mindat.org/photos/042/15/004215000972576781.jpg, Olivenite, 
https://www.mindat.org/photos/468/98/046898900972576010.jpg, Beryl, 
https://www.mindat.org/photos/183/11/018311500972577101.jpg, Malachite, 
https://www.mindat.org/photos/365/38/036538600972577165.jpg, Beryl, 
https://www.mindat.org/photos/688/70/068870900972577021.jpg, Cassiterite (Var: Wood Tin), 
https://www.mindat.org/photos/023/52/002352300972577307.jpg, Vesuvianite, 
https://www.mindat.org/photos/479/36/047936000972577665.jpg, Tetrahedrite, Chalcopyrite, 
https://www.mindat.org/photos/160/56/016056900972577756.jpg, Cavansite, Stilbite-Ca, 
https://www.mindat.org/photos/297/08/029708100972577570.jpg, Scorodite, 
https://www.mindat.org/photos/362/61/036261300972577396.jpg, Siderite, 
https://www.mindat.org/photos/605/59/060559800972648047.jpg, Tetrahedrite, Chalcopyrite, 
https://www.mindat.org/photos/896/17/089617100972577906.jpg, Scorodite, 
https://www.mindat.org/photos/830/46/083046500973122983.jpg, Malachite, 
https://www.mindat.org/photos/431/71/043171500973189340.jpg, Mimetite, 
https://www.mindat.org/photos/764/91/076491900973189546.jpg, Mimetite, 
https://www.mindat.org/photos/716/28/071628600973189627.jpg, Mimetite, 
https://www.mindat.org/photos/803/11/080311600973189726.jpg, Cinnabar, 
https://www.mindat.org/photos/443/09/044309600973189979.jpg, Pyrochlore Supergroup (Var: Betafite (of Hogarth 1977)), 
https://www.mindat.org/photos/234/93/023493800973190075.jpg, Hematite, 
https://www.mindat.org/photos/081/14/008114300973190236.jpg, Azurite, 
https://www.mindat.org/photos/214/25/021425500973189809.jpg, Calcite, 
https://www.mindat.org/photos/825/43/082543200973190520.jpg, Copper, 
https://www.mindat.org/photos/335/90/033590300973190383.jpg, Babingtonite, 
https://www.mindat.org/photos/026/23/002623100972583053.jpg, Sphalerite, 
https://www.mindat.org/photos/602/06/060206600973274529.jpg, Eosphorite, 
https://www.mindat.org/photos/563/94/056394400973191131.jpg, Pseudomalachite, 
https://www.mindat.org/photos/567/96/056796400973201377.jpg, Crocoite, 
https://www.mindat.org/photos/551/72/055172900973201169.jpg, Apophyllite, Analcime, Natrolite, 
https://www.mindat.org/photos/546/93/054693200973201576.jpg, Cinnabar, 
https://www.mindat.org/photos/302/84/030284600973201851.jpg, Epistilbite, Quartz (Var: Amethyst), 
https://www.mindat.org/photos/488/29/048829400973201696.jpg, Cinnabar, 
https://www.mindat.org/photos/648/03/064803900973191064.jpg, Pseudomalachite, 
https://www.mindat.org/photos/333/27/033327400973258115.jpg, Vanadinite, Calcite, 
https://www.mindat.org/photos/396/37/039637900973258416.jpg, Elbaite, Albite, 
https://www.mindat.org/photos/798/00/079800400973258013.jpg, Malachite, 
https://www.mindat.org/photos/903/86/090386200973258627.jpg, Pyrite, 
https://www.mindat.org/photos/938/64/093864700973258553.jpg, Elbaite, 
https://www.mindat.org/photos/370/89/037089400973274116.jpg, Pyrite, Calcite, 
https://www.mindat.org/photos/545/53/054553600973274756.jpg, Babingtonite, 
https://www.mindat.org/photos/029/92/002992000973275307.jpg, Fluorite, 
https://www.mindat.org/photos/900/48/090048700973274685.jpg, Sphalerite, Calcite, 
https://www.mindat.org/photos/539/58/053958000973274911.jpg, Stilbite-Ca, Calcite, Pyrite, 
https://www.mindat.org/photos/698/47/069847000973288245.jpg, Malachite, Chrysocolla, 
https://www.mindat.org/photos/218/49/021849000973289116.jpg, Silver, 
https://www.mindat.org/photos/220/76/022076800973289250.jpg, Dioptase, 
https://www.mindat.org/photos/390/65/039065500973275391.jpg, Calcite, 
https://www.mindat.org/photos/561/40/056140900973275472.jpg, Cuprite, 
https://www.mindat.org/photos/236/26/023626900973275734.jpg, Bertrandite, Rhodochrosite, Quartz (Var: Smoky Quartz), 
https://www.mindat.org/photos/659/03/065903200973287739.jpg, Wulfenite, 
https://www.mindat.org/photos/575/10/057510900973288066.jpg, Fluorite, 
https://www.mindat.org/photos/242/68/024268300973275870.jpg, Bertrandite, Rhodochrosite, 
https://www.mindat.org/photos/825/37/082537100973287620.jpg, Calcite, 
https://www.mindat.org/photos/673/60/067360600973288740.jpg, Vanadinite, 
https://www.mindat.org/photos/081/97/008197100973288998.jpg, Silver, 
https://www.mindat.org/photos/588/58/058858900973288592.jpg, Vanadinite, Baryte, 
https://www.mindat.org/photos/583/91/058391500973292131.jpg, Copper, 
https://www.mindat.org/photos/146/74/014674000973291953.jpg, Copper, 
https://www.mindat.org/photos/623/28/062328200973190329.jpg, Babingtonite, 
https://www.mindat.org/photos/687/07/068707800973292034.jpg, Copper, 
https://www.mindat.org/photos/258/19/025819300973288887.jpg, Copper, 
https://www.mindat.org/photos/080/75/008075200973361177.jpg, Galena, 
https://www.mindat.org/photos/398/98/039898100973295728.jpg, Stilbite-Ca, 
https://www.mindat.org/photos/288/79/028879600973336960.jpg, Elbaite, 
https://www.mindat.org/photos/905/30/090530300973295591.jpg, Elbaite, 
https://www.mindat.org/photos/689/94/068994700973291848.jpg, Copper, 
https://www.mindat.org/photos/627/93/062793400973337775.jpg, Gmelinite, Analcime, 
https://www.mindat.org/photos/679/87/067987500973360933.jpg, Apophyllite, 
https://www.mindat.org/photos/180/70/018070100973337896.jpg, Aurichalcite, Smithsonite, 
https://www.mindat.org/photos/193/47/019347900973360366.jpg, K Feldspar (Var: Adularia), Chlorite Group, 
https://www.mindat.org/photos/318/93/031893100973360629.jpg, Calcite, 
https://www.mindat.org/photos/275/88/027588500973360835.jpg, Calcite, 
https://www.mindat.org/photos/000/55/000055000973361113.jpg, Galena, 
https://www.mindat.org/photos/410/96/041096300973361309.jpg, Cerussite, 
https://www.mindat.org/photos/995/65/099565800973291679.jpg, Muscovite (Var: Fuchsite), 
https://www.mindat.org/photos/870/35/087035300973362806.jpg, Pyrite, 
https://www.mindat.org/photos/634/14/063414900973365249.jpg, Vanadinite (Var: Arsenatian Vanadinite), 
https://www.mindat.org/photos/951/72/095172200973365782.jpg, Stibiconite, 
https://www.mindat.org/photos/323/13/032313700973366119.jpg, Prehnite, 
https://www.mindat.org/photos/142/37/014237000973365583.jpg, Rhodochrosite, 
https://www.mindat.org/photos/651/66/065166800973365427.jpg, Magnetite, 
https://www.mindat.org/photos/132/09/013209600973275109.jpg, Millerite, 
https://www.mindat.org/photos/854/70/085470900973366281.jpg, Pyromorphite, 
https://www.mindat.org/photos/921/96/092196300973274217.jpg, Elbaite, 
https://www.mindat.org/photos/l00/00/fl00002.jpg, Fluorite, 
https://www.mindat.org/photos/r00/00/cr00001.jpg, Crocoite, 
https://www.mindat.org/photos/a00/00/ha00001.jpg, Hanksite, 
https://www.mindat.org/photos/e00/00/he00001.jpg, Hemimorphite, 
https://www.mindat.org/photos/o00/00/go00002.jpg, Gold, 
https://www.mindat.org/photos/a00/00/ma00001.jpg, Malachite, 
https://www.mindat.org/photos/i00/00/mi00003.jpg, Millerite, 
https://www.mindat.org/photos/e00/00/me00002.jpg, Mellite, 
https://www.mindat.org/photos/i00/00/si00002.jpg, Siderite, 
https://www.mindat.org/photos/t00/00/st00003.jpg, Stibnite, 
https://www.mindat.org/photos/i00/00/si00001.jpg, Siderite, 
https://www.mindat.org/photos/p00/00/sp00001.jpg, Almandine, 
https://www.mindat.org/photos/t00/00/st00002.jpg, Ettringite, 
https://www.mindat.org/photos/y00/00/ty00001.jpg, Tyrolite, 
https://www.mindat.org/photos/p00/00/sp00003.jpg, Sphalerite, 
https://www.mindat.org/photos/a00/00/ta00001.jpg, Talc, 
https://www.mindat.org/photos/e00/00/te00001.jpg, Tetrahedrite, 
https://www.mindat.org/photos/e00/00/me00001.jpg, Metazeunerite, 
https://www.mindat.org/photos/a00/00/wa00002.jpg, Wardite, 
https://www.mindat.org/photos/a00/00/wa00003.jpg, Wavellite, 
https://www.mindat.org/photos/u00/00/ru00001.jpg, Rutile, 
https://www.mindat.org/photos/310/18/031018400973367106.jpg, Wardite, 
https://www.mindat.org/photos/846/54/084654600973367537.jpg, Kinoite, 
https://www.mindat.org/photos/688/94/068894900973366758.jpg, Calcite, 
https://www.mindat.org/photos/t00/00/st00001.jpg, Stilbite-Ca, 
https://www.mindat.org/photos/335/81/033581600973367370.jpg, Baryte, 
https://www.mindat.org/photos/248/68/024868500973367808.jpg, Quartz (Var: Amethyst), 
https://www.mindat.org/photos/418/87/041887100973367617.jpg, Kinoite, Apophyllite, 
https://www.mindat.org/photos/i00/00/li00002.jpg, Linarite, 
https://www.mindat.org/photos/926/62/092662900973368138.jpg, Beryl (Var: Emerald), 
https://www.mindat.org/photos/811/62/081162200973368335.jpg, Galena, 
https://www.mindat.org/photos/820/36/082036400973368465.jpg, Elbaite, 
https://www.mindat.org/photos/777/31/077731200973369005.jpg, Fluorite, 
https://www.mindat.org/photos/169/09/016909000973368684.jpg, Calcite, 
https://www.mindat.org/photos/424/47/042447800973368829.jpg, Calcite, 
https://www.mindat.org/photos/554/22/055422800973369336.jpg, Adamite, 
https://www.mindat.org/photos/262/10/026210700973369099.jpg, Manganoan Calcite, 
https://www.mindat.org/photos/563/68/056368100973370026.jpg, Silver, 
https://www.mindat.org/photos/716/85/071685800973370244.jpg, Fluorite, 
https://www.mindat.org/photos/099/10/009910700973367004.jpg, Copper, 
https://www.mindat.org/photos/896/82/089682300973370389.jpg, Brochantite, 
https://www.mindat.org/photos/067/41/006741900973370621.jpg, Piemontite, 
https://www.mindat.org/photos/779/03/077903100973370852.jpg, Prehnite, Calcite, 
https://www.mindat.org/photos/710/83/071083600973432233.jpg, Beryl, 
https://www.mindat.org/photos/727/94/072794000973371512.jpg, Baryte, Fluorite, 
https://www.mindat.org/photos/950/15/095015600973432394.jpg, Mimetite, 
https://www.mindat.org/photos/404/53/040453900973369946.jpg, Fluorapatite, 
https://www.mindat.org/photos/560/70/056070600973432500.jpg, Spinel, 
https://www.mindat.org/photos/476/51/047651700973432735.jpg, Elbaite, 
https://www.mindat.org/photos/325/68/032568300973432935.jpg, Anatase, 
https://www.mindat.org/photos/640/06/064006400973433077.jpg, Copper, Pumpellyite, 
https://www.mindat.org/photos/979/22/097922800973433307.jpg, Quartz (Var: Smoky Quartz), 
https://www.mindat.org/photos/885/67/088567900973433416.jpg, Quartz (Var: Smoky Quartz), 
https://www.mindat.org/photos/573/64/057364800973433698.jpg, Almandine, 
https://www.mindat.org/photos/982/98/098298200973433584.jpg, Quartz (Var: Smoky Quartz), 
https://www.mindat.org/photos/658/12/065812900973433813.jpg, Quartz (Var: Smoky Quartz), 
https://www.mindat.org/photos/c00/00/sc00002.jpg, Scheelite, 
https://www.mindat.org/photos/762/73/076273300973362646.jpg, Atacamite, 
https://www.mindat.org/photos/168/12/016812800973452992.jpg, Pyrite, 
https://www.mindat.org/photos/228/92/022892600973453314.jpg, Manganoan Calcite, 
https://www.mindat.org/photos/056/77/005677500973370128.jpg, Cerussite, 
https://www.mindat.org/photos/116/47/011647100973453194.jpg, Pyrite, 
https://www.mindat.org/photos/032/75/003275900973432630.jpg, Fluorite, 
https://www.mindat.org/photos/173/30/017330000973453479.jpg, Celestine, 
https://www.mindat.org/photos/619/97/061997400973453821.jpg, Descloizite, 
https://www.mindat.org/photos/436/65/043665700973367992.jpg, Malachite, Chrysocolla, 
https://www.mindat.org/photos/711/69/071169900973454348.jpg, Copper, 
https://www.mindat.org/photos/106/82/010682400973433512.jpg, Quartz (Var: Smoky Quartz), 
https://www.mindat.org/photos/633/03/063303300973454011.jpg, Descloizite, 
https://www.mindat.org/photos/170/43/017043300973725236.jpg, Quartz, 
https://www.mindat.org/photos/193/64/019364600973454130.jpg, Wulfenite, 
https://www.mindat.org/photos/993/04/099304400973725362.jpg, Quartz, 
https://www.mindat.org/photos/649/38/064938100973457873.jpg, Hemimorphite, 
https://www.mindat.org/photos/232/41/023241300973455158.jpg, Quartz, 
https://www.mindat.org/photos/376/51/037651100973368593.jpg, Calcite, 
https://www.mindat.org/photos/136/05/013605200973454748.jpg, Anglesite, 
https://www.mindat.org/photos/958/15/095815500973455031.jpg, Aragonite (Var: Plumboan Aragonite), 
https://www.mindat.org/photos/075/55/007555500973360743.jpg, Calcite, 
https://www.mindat.org/photos/857/08/085708600973455372.jpg, Skutterudite, 
https://www.mindat.org/photos/608/57/060857000973724694.jpg, Grossular, 
https://www.mindat.org/photos/392/95/039295400973455264.jpg, Skutterudite, 
https://www.mindat.org/photos/140/45/014045500973724918.jpg, Rhodochrosite, 
https://www.mindat.org/photos/820/23/082023600973725084.jpg, Grossular, 
https://www.mindat.org/photos/830/80/083080800973724777.jpg, Spodumene (Var: Kunzite), 
https://www.mindat.org/photos/707/61/070761900973726889.jpg, Stilbite, 
https://www.mindat.org/photos/685/10/068510600973727095.jpg, Franklinite, 
https://www.mindat.org/photos/360/66/036066300973727016.jpg, Franklinite, 
https://www.mindat.org/photos/948/27/094827200973727294.jpg, Prehnite, Apophyllite, 
https://www.mindat.org/photos/706/86/070686400973371014.jpg, Leucite, 
https://www.mindat.org/photos/387/66/038766500973727440.jpg, Strontianite, 
https://www.mindat.org/photos/136/09/013609600973727497.jpg, Baryte, 
https://www.mindat.org/photos/167/82/016782000973727628.jpg, Asbestos, 
https://www.mindat.org/photos/295/08/029508400974158876.jpg, Edingtonite, 
https://www.mindat.org/photos/798/72/079872200973726799.jpg, Almandine, 
https://www.mindat.org/photos/303/85/030385900974159067.jpg, Fluorite, 
https://www.mindat.org/photos/547/81/054781800974159407.jpg, Spinel, 
https://www.mindat.org/photos/917/85/091785800974159260.jpg, Bixbyite, 
https://www.mindat.org/photos/263/60/026360900973727193.jpg, Beryl (Var: Aquamarine), 
https://www.mindat.org/photos/859/72/085972000974159700.jpg, Enargite, Pyrite, 
https://www.mindat.org/photos/097/16/009716900974160114.jpg, Dioptase, Duftite, 
https://www.mindat.org/photos/018/88/001888900973727861.jpg, Pyrrhotite, 
https://www.mindat.org/photos/487/68/048768500973726620.jpg, Almandine, 
https://www.mindat.org/photos/126/38/012638900974160219.jpg, Dioptase, Duftite, 
https://www.mindat.org/photos/791/81/079181300974160470.jpg, Samarskite-(Y), 
https://www.mindat.org/photos/294/02/029402900974160400.jpg, Rhodochrosite, Alabandite, 
https://www.mindat.org/photos/977/39/097739200974160662.jpg, Copper, 
https://www.mindat.org/photos/328/23/032823200974664580.jpg, Opal, 
https://www.mindat.org/photos/365/36/036536000977077518.jpg, Quartz (Var: Amethyst), 
https://www.mindat.org/photos/683/36/068336100973371339.jpg, Baryte, 
https://www.mindat.org/photos/431/83/043183000973371184.jpg, Stilbite-Ca, Heulandite-Ca, 
https://www.mindat.org/photos/924/32/092432600974676934.jpg, Vanadinite, 
https://www.mindat.org/photos/501/68/050168700974487540.jpg, Calcite, 
https://www.mindat.org/photos/503/38/050338300974676506.jpg, Pyromorphite, 
https://www.mindat.org/photos/592/58/059258000974753411.jpg, Willemite (Var: Troostite), 
https://www.mindat.org/photos/119/79/011979600974677215.jpg, Opal (Var: Fire Opal), 
https://www.mindat.org/photos/003/92/000392000974677831.jpg, Ludlamite, 
https://www.mindat.org/photos/809/20/080920300974753639.jpg, Silver, Arsenic, 
https://www.mindat.org/photos/648/43/064843100976407980.jpg, Microlite Group, Albite, 
https://www.mindat.org/photos/835/02/083502700976408197.jpg, Beryl (Var: Aquamarine), 
https://www.mindat.org/photos/362/29/036229000974487626.jpg, Dioptase, 
https://www.mindat.org/photos/274/73/027473600977072769.jpg, Magnetite, 
https://www.mindat.org/photos/206/56/020656200977075345.jpg, Pyrite, 
https://www.mindat.org/photos/453/65/045365900977076064.jpg, Tremolite, 
https://www.mindat.org/photos/384/83/0384831001367214512.jpg, Schorl, 
https://www.mindat.org/photos/444/86/044486300974753534.jpg, Serandite, Analcime, Natrolite, 
https://www.mindat.org/photos/032/73/003273200977077638.jpg, Quartz (Var: Amethyst), 
https://www.mindat.org/photos/116/84/011684400977078253.jpg, Quartz (Var: Smoky Quartz), Quartz (Var: Amethyst), 
https://www.mindat.org/photos/562/92/056292200977082612.jpg, Topaz, Quartz (Var: Smoky Quartz), 
https://www.mindat.org/photos/536/91/053691500977078178.jpg, Elbaite, 
https://www.mindat.org/photos/274/13/027413900977078628.jpg, Hydroxyapophyllite-(K), 
https://www.mindat.org/photos/396/29/039629600977083700.jpg, Sulphur, 
https://www.mindat.org/photos/488/53/048853800977084589.jpg, Fluorapatite, 
https://www.mindat.org/photos/325/56/032556700977286902.jpg, Scheelite, 
https://www.mindat.org/photos/762/27/076227600977282389.jpg, Scheelite, Quartz, 
https://www.mindat.org/photos/346/25/034625500977287144.jpg, Wolframite, Calcite, 
https://www.mindat.org/photos/534/85/053485800977287366.jpg, Molybdenite, 
https://www.mindat.org/photos/o00/00/go00001.jpg, Goethite, 
https://www.mindat.org/photos/010/03/001003600977287654.jpg, Molybdenite, 
https://www.mindat.org/photos/658/19/065819000974835426.jpg, Quartz (Var: Amethyst), 
https://www.mindat.org/photos/680/94/068094600977319812.jpg, Malachite, 
https://www.mindat.org/photos/381/88/038188900977748137.jpg, Quartz (Var: Smoky Quartz), 
https://www.mindat.org/photos/329/30/032930900977748442.jpg, Microcline (Var: Amazonite), 
https://www.mindat.org/photos/948/01/094801500977319986.jpg, Pyromorphite, 
https://www.mindat.org/photos/255/45/025545200977748674.jpg, Halite, 
https://www.mindat.org/photos/695/29/069529900977760952.jpg, Mimetite, 
https://www.mindat.org/photos/301/24/030124800978825683.jpg, Sphalerite, 
https://www.mindat.org/photos/675/79/067579700978825782.jpg, Almandine, 
https://www.mindat.org/photos/699/56/069956300978825921.jpg, Vanadinite, 
https://www.mindat.org/photos/793/00/079300800974835477.jpg, Quartz (Var: Amethyst), 
https://www.mindat.org/photos/220/48/022048800978826135.jpg, Fluorite, 
https://www.mindat.org/photos/243/33/024333900978826235.jpg, Fluorite, Baryte, 
https://www.mindat.org/photos/221/75/022175600974676382.jpg, Axinite-(Fe), 
https://www.mindat.org/photos/885/69/088569900978826429.jpg, Quartz (Var: Amethyst), 
https://www.mindat.org/photos/500/58/050058500978826376.jpg, Dioptase, Calcite, 
https://www.mindat.org/photos/969/76/096976500978884540.jpg, Benitoite, 
https://www.mindat.org/photos/852/59/085259900978907716.jpg, Fluorapatite, 
https://www.mindat.org/photos/035/69/003569700978908141.jpg, Rhodochrosite, 
https://www.mindat.org/photos/744/55/074455800978964457.jpg, Montebrasite, 
https://www.mindat.org/photos/544/05/054405300978983103.jpg, Silver, 
https://www.mindat.org/photos/957/30/095730200978983446.jpg, Marialite, 
https://www.mindat.org/photos/813/88/081388500978983319.jpg, Grossular, Diopside, 
https://www.mindat.org/photos/861/35/086135500977085262.jpg, Adamite (Var: Cuprian Adamite), 
https://www.mindat.org/photos/146/60/014660100978983847.jpg, Sphalerite, 
https://www.mindat.org/photos/828/63/082863500978983678.jpg, Vesuvianite, 
https://www.mindat.org/photos/250/66/025066700979018324.jpg, Quartz (Var: Amethyst), Quartz, 
https://www.mindat.org/photos/862/39/086239600976407627.jpg, Uraninite, 
https://www.mindat.org/photos/865/77/086577000979065296.jpg, Beryl (Var: Aquamarine), 
https://www.mindat.org/photos/053/30/005330400979065554.jpg, Creedite, 
https://www.mindat.org/photos/873/79/087379300979066130.jpg, Goosecreekite, 
https://www.mindat.org/photos/518/82/051882900979073237.jpg, Massicot, 
https://www.mindat.org/photos/429/84/042984000981847473.jpg, Cerussite, 
https://www.mindat.org/photos/558/19/055819800978826523.jpg, Fluorite, 
https://www.mindat.org/photos/078/84/007884100981845180.jpg, Opal (Var: Precious Opal), 
https://www.mindat.org/xpic.php?fname=011858000981358415.jpg, Almandine, 
https://www.mindat.org/photos/690/19/069019300981375634.jpg, Thomsonite-Ca, 
https://www.mindat.org/photos/489/15/048915400981846063.jpg, Gypsum, 
https://www.mindat.org/photos/769/21/076921800981846565.jpg, Andradite (Var: Topazolite), 
https://www.mindat.org/photos/669/72/066972500981847771.jpg, Althausite, 
https://www.mindat.org/photos/515/33/051533300981847996.jpg, Armenite, 
https://www.mindat.org/photos/910/81/091081400977319666.jpg, Cassiterite, 
https://www.mindat.org/photos/950/45/095045400983126518.jpg, Prehnite, 
https://www.mindat.org/photos/571/94/057194400983125371.jpg, Malachite, 
https://www.mindat.org/photos/793/97/079397200983127229.jpg, Almandine, 
https://www.mindat.org/photos/292/02/029202200983127369.jpg, Baryte, 
https://www.mindat.org/photos/021/64/002164300983127647.jpg, Baryte, 
https://www.mindat.org/photos/311/79/031179100983127847.jpg, Baryte, 
https://www.mindat.org/photos/346/15/034615600983130035.jpg, Quartz (Var: Smoky Quartz), 
https://www.mindat.org/photos/149/42/014942200983127737.jpg, Quartz (Var: Smoky Quartz), 
https://www.mindat.org/photos/373/31/037331000979073481.jpg, Fluorite, 
https://www.mindat.org/photos/849/06/084906900983129371.jpg, Clinochlore (Var: Chromian Clinochlore), 
https://www.mindat.org/photos/437/22/043722800983129993.jpg, Quartz (Var: Smoky Quartz), 
https://www.mindat.org/photos/287/61/028761100983130187.jpg, Almandine, 
https://www.mindat.org/photos/990/99/099099500983130066.jpg, Chalcocite (Var: Ducktownite), 
https://www.mindat.org/photos/935/05/093505200983130267.jpg, Quartz (Var: Amethyst), 
https://www.mindat.org/photos/158/52/015852400983130343.jpg, Malachite, 
https://www.mindat.org/photos/883/55/088355500983130306.jpg, Baryte, 
https://www.mindat.org/photos/828/79/082879400983130589.jpg, Clinochlore (Var: Chromian Clinochlore), 
https://www.mindat.org/photos/274/52/027452400983130554.jpg, Quartz (Var: Smoky Quartz), 
https://www.mindat.org/photos/109/63/010963100983130665.jpg, Quartz (Var: Amethyst), 
https://www.mindat.org/photos/478/33/047833800983132020.jpg, Vanadinite, 
https://www.mindat.org/photos/927/08/092708600981848506.jpg, Brandtite, 
https://www.mindat.org/photos/056/17/005617400983132176.jpg, Rutile, 
https://www.mindat.org/photos/513/47/051347900983136981.jpg, Elbaite, 
https://www.mindat.org/photos/709/89/070989900983132217.jpg, Cobaltite, 
https://www.mindat.org/photos/839/68/083968300983132262.jpg, Sulphur, 
https://www.mindat.org/photos/540/49/054049800983137107.jpg, Fluorite, 
https://www.mindat.org/photos/989/90/098990800978884625.jpg, Malachite, Azurite, 
https://www.mindat.org/photos/703/03/070303700983130469.jpg, Almandine, 
https://www.mindat.org/photos/418/03/041803800983136898.jpg, Analcime, 
https://www.mindat.org/photos/337/96/033796000983137954.jpg, Barrerite, 
https://www.mindat.org/photos/812/32/081232100983137212.jpg, Cobaltite, 
https://www.mindat.org/photos/903/45/090345100983137157.jpg, Cobaltite, 
https://www.mindat.org/photos/731/19/073119600983138411.jpg, Rutile, Hematite, 
https://www.mindat.org/photos/345/73/034573900983138273.jpg, Gypsum, Melanterite, 
https://www.mindat.org/photos/639/69/063969500983138587.jpg, Gold, 
https://www.mindat.org/photos/217/31/021731700983138946.jpg, Gold, 
https://www.mindat.org/photos/050/89/005089000983138994.jpg, Wulfenite, 
https://www.mindat.org/photos/078/93/007893200983139200.jpg, Azurite, Gypsum, 
https://www.mindat.org/photos/591/61/059161800983139408.jpg, Andradite (Var: Topazolite), 
https://www.mindat.org/photos/103/97/010397600981845532.jpg, Cyanotrichite, 
https://www.mindat.org/photos/229/80/022980100973365893.jpg, Boleite, 
https://www.mindat.org/photos/539/52/053952200983139668.jpg, Rhodochrosite, 
https://www.mindat.org/photos/291/93/029193200983139738.jpg, Azurite, Gypsum, 
https://www.mindat.org/photos/413/17/041317800983131443.jpg, Analcime, Aegirine, 
https://www.mindat.org/photos/954/20/095420900983139882.jpg, Rhodochrosite, Pyrite, Quartz, 
https://www.mindat.org/photos/154/40/015440700983139998.jpg, Elbaite, 
https://www.mindat.org/photos/062/36/006236100983140234.jpg, Stibnite, 
https://www.mindat.org/photos/050/43/005043400983140513.jpg, Gypsum, 
https://www.mindat.org/photos/615/12/061512700983136940.jpg, Copper, Prehnite, 
https://www.mindat.org/photos/788/09/078809600983140638.jpg, Celestine, 
https://www.mindat.org/photos/989/18/098918500983140695.jpg, Elbaite, Lepidolite, 
https://www.mindat.org/photos/343/47/034347600983140747.jpg, Quartz, 
https://www.mindat.org/photos/113/11/011311100983137066.jpg, Rhodochrosite, Aegirine, Albite, 
https://www.mindat.org/photos/060/57/006057500981849636.jpg, Elbaite, 
https://www.mindat.org/photos/645/23/064523700983140906.jpg, Elbaite, 
https://www.mindat.org/photos/527/61/052761000983140840.jpg, Andradite (Var: Demantoid), 
https://www.mindat.org/photos/166/12/016612500973367203.jpg, Ludwigite, 
https://www.mindat.org/photos/245/69/024569400983141002.jpg, Vesuvianite, Grossular, 
https://www.mindat.org/photos/404/58/040458100983137889.jpg, Fluorapatite, Calcite, 
https://www.mindat.org/photos/309/56/030956000983141058.jpg, Chalcopyrite, Calcite, 
https://www.mindat.org/photos/186/88/018688200983141111.jpg, Calcite, Datolite, 
https://www.mindat.org/photos/244/55/024455300983129919.jpg, Chalcocite (Var: Ducktownite), 
https://www.mindat.org/photos/422/03/042203900983128223.jpg, Andradite, 
https://www.mindat.org/photos/854/33/085433600983141150.jpg, Gyrolite, Mesolite, Quartz, Calcite, 
https://www.mindat.org/photos/152/46/015246100983141219.jpg, Mesolite, 
https://www.mindat.org/photos/019/82/001982400983141302.jpg, Fluorite, 
https://www.mindat.org/photos/410/84/041084000983141341.jpg, Hemimorphite, 
https://www.mindat.org/photos/622/67/062267100983141258.jpg, Quartz (Var: Amethyst), 
https://www.mindat.org/photos/687/57/068757600983141374.jpg, Marcasite, 
https://www.mindat.org/photos/320/83/032083500983141512.jpg, Scolecite, 
https://www.mindat.org/photos/139/86/013986000983141437.jpg, Mesolite, 
https://www.mindat.org/photos/987/12/098712800983141562.jpg, Arsenopyrite, 
https://www.mindat.org/photos/944/10/094410900983141700.jpg, Danburite, 
https://www.mindat.org/photos/495/85/049585000983141729.jpg, Prehnite, 
https://www.mindat.org/photos/510/71/051071600983142133.jpg, Quartz (Var: Amethyst), 
https://www.mindat.org/photos/054/63/005463900983141842.jpg, Spinel, Pyrrhotite, 
https://www.mindat.org/photos/534/64/053464000983140079.jpg, Azurite, Gypsum, 
https://www.mindat.org/photos/492/98/049298200983142466.jpg, Tetrahedrite, Sphalerite, 
https://www.mindat.org/photos/651/51/065151700983139505.jpg, Andradite (Var: Topazolite), 
https://www.mindat.org/photos/312/88/031288400983142504.jpg, Conichalcite, Duftite, 
https://www.mindat.org/photos/337/47/033747900983143905.jpg, Cuprite, 
https://www.mindat.org/photos/744/11/074411000983146307.jpg, Elbaite, 
https://www.mindat.org/photos/237/54/023754800983146402.jpg, Chalcocite, 
https://www.mindat.org/photos/605/69/060569000983141995.jpg, Chrysocolla, 
https://www.mindat.org/photos/914/06/091406900983146546.jpg, Vanadinite, 
https://www.mindat.org/photos/894/61/089461100983141187.jpg, Danburite, 
https://www.mindat.org/photos/627/03/062703300983146889.jpg, Quartz (Var: Amethyst), 
https://www.mindat.org/photos/267/17/026717300983146934.jpg, Elbaite, 
https://www.mindat.org/photos/794/75/079475900983147163.jpg, Fluorapatite, Muscovite, 
https://www.mindat.org/photos/951/70/095170300983147046.jpg, Beryl (Var: Aquamarine), Muscovite, 
https://www.mindat.org/photos/556/39/055639600983147249.jpg, Mimetite, Philipsbornite, 
https://www.mindat.org/photos/352/42/035242300983142436.jpg, Quartz, 
https://www.mindat.org/photos/393/80/039380900983147308.jpg, Cassiterite, Fluorapatite, 
https://www.mindat.org/photos/905/50/090550700983147388.jpg, Quartz (Var: Amethyst), 
https://www.mindat.org/photos/500/86/050086400983147542.jpg, Topaz, 
https://www.mindat.org/photos/485/26/048526300983146822.jpg, Elbaite, 
https://www.mindat.org/photos/081/30/008130000983147589.jpg, Scheelite, 
https://www.mindat.org/photos/205/89/020589400983140963.jpg, Quartz (Var: Smoky Quartz), 
https://www.mindat.org/photos/814/73/081473900983214792.jpg, Rubellite, 
https://www.mindat.org/photos/185/31/018531200983147636.jpg, Fluorite, Quartz, 
https://www.mindat.org/photos/146/57/014657100983147797.jpg, Wulfenite, Mimetite, 
https://www.mindat.org/photos/074/66/007466100983210854.jpg, Elbaite, 
https://www.mindat.org/photos/689/82/068982000983130777.jpg, Polylithionite, Aegirine, 
https://www.mindat.org/photos/439/69/043969300983147767.jpg, Quartz (Var: Amethyst), 
https://www.mindat.org/photos/825/71/082571400983147470.jpg, Mimetite, Duftite, 
https://www.mindat.org/photos/380/18/038018200983232725.jpg, Magnetite, 
https://www.mindat.org/photos/156/99/015699300983215364.jpg, Beryl (Var: Aquamarine), 
https://www.mindat.org/photos/642/14/064214200983215431.jpg, Topaz, 
https://www.mindat.org/photos/895/23/089523800983141888.jpg, Calcite, 
https://www.mindat.org/photos/148/52/014852500983130727.jpg, Polylithionite, Aegirine, 
https://www.mindat.org/photos/837/58/083758300983215900.jpg, Dioptase, Chrysocolla, 
https://www.mindat.org/photos/120/30/012030900983215972.jpg, Elbaite, 
https://www.mindat.org/photos/434/04/043404000983232599.jpg, Andradite, 
https://www.mindat.org/photos/166/15/016615300983233085.jpg, Dioptase, Duftite, 
https://www.mindat.org/photos/773/10/077310300983233207.jpg, Elbaite, 
https://www.mindat.org/photos/156/86/015686400983233479.jpg, Adamite, 
https://www.mindat.org/photos/274/06/027406600983233351.jpg, Fluorite, 
https://www.mindat.org/photos/570/55/057055800983233647.jpg, Diaspore, 
https://www.mindat.org/photos/314/65/031465600983233261.jpg, Spodumene (Var: Kunzite), 
https://www.mindat.org/photos/337/58/033758400983147713.jpg, Calcite, 
https://www.mindat.org/photos/046/03/004603700983233693.jpg, Diaspore, 
https://www.mindat.org/photos/039/39/003939900983233616.jpg, Adamite, 
https://www.mindat.org/photos/003/36/000336300983233579.jpg, Adamite, 
https://www.mindat.org/photos/143/03/014303400983232661.jpg, Malachite, 
https://www.mindat.org/photos/180/91/018091400983214698.jpg, Benitoite, Neptunite, 
https://www.mindat.org/photos/490/28/049028700983146605.jpg, Baryte, Fluorite, Dolomite, 
https://www.mindat.org/photos/386/05/038605100983233835.jpg, Uvarovite, 
https://www.mindat.org/photos/592/99/059299700983234004.jpg, Psilomelane, 
https://www.mindat.org/photos/054/42/005442600983233931.jpg, Spinel, 
https://www.mindat.org/photos/229/88/022988000983234291.jpg, Natrolite, 
https://www.mindat.org/photos/497/94/049794800983234363.jpg, Cinnabar, 
https://www.mindat.org/photos/418/64/041864100983233742.jpg, Diaspore, 
https://www.mindat.org/photos/052/82/005282300983234119.jpg, Quartz (Var: Smoky Quartz), 
https://www.mindat.org/photos/204/15/020415600983234481.jpg, Hausmannite, Andradite, 
https://www.mindat.org/photos/957/56/095756900983141946.jpg, Pectolite, 
https://www.mindat.org/photos/406/36/040636000983214615.jpg, Spodumene (Var: Kunzite), 
https://www.mindat.org/photos/311/33/031133000983234043.jpg, Eosphorite, Childrenite, 
https://www.mindat.org/photos/222/28/022228200983235343.jpg, Fluorite, 
https://www.mindat.org/photos/709/11/070911100983313028.jpg, Calcite, 
https://www.mindat.org/photos/949/41/094941600983313158.jpg, Rosasite, Smithsonite, 
https://www.mindat.org/photos/142/40/014240800983313076.jpg, Tarbuttite, 
https://www.mindat.org/photos/068/11/006811000983234627.jpg, Willemite, 
https://www.mindat.org/photos/796/37/079637500983313484.jpg, Malachite, 
https://www.mindat.org/photos/776/13/077613900983234742.jpg, Vesuvianite, 
https://www.mindat.org/photos/676/13/067613400983312878.jpg, Cerussite, Willemite, Wulfenite, 
https://www.mindat.org/photos/769/24/076924500983312964.jpg, Marcasite, Galena, 
https://www.mindat.org/photos/062/91/006291800983313555.jpg, Malachite, Azurite, 
https://www.mindat.org/photos/637/62/063762300983313746.jpg, Babingtonite, Prehnite, 
https://www.mindat.org/photos/180/13/018013000983313687.jpg, Calcite, Hemimorphite, 
https://www.mindat.org/photos/560/92/056092000983313927.jpg, Quartz, 
https://www.mindat.org/photos/230/38/023038300983232518.jpg, Indicolite, 
https://www.mindat.org/photos/550/63/055063500983841704.jpg, Weloganite, 
https://www.mindat.org/photos/929/50/092950800983841558.jpg, Hemimorphite, 
https://www.mindat.org/photos/320/62/032062200983313842.jpg, Malachite, 
https://www.mindat.org/photos/810/77/081077600983314004.jpg, Corundum (Var: Sapphire), 
https://www.mindat.org/photos/666/81/066681000983555473.jpg, Cavansite, Heulandite, 
https://www.mindat.org/photos/591/92/059192200983313965.jpg, Topaz, Lepidolite, 
https://www.mindat.org/photos/246/96/024696200983917752.jpg, Elbaite, 
https://www.mindat.org/photos/793/03/079303900983918026.jpg, Calcite, 
https://www.mindat.org/photos/990/70/099070200983917814.jpg, Thomsonite-Ca, 
https://www.mindat.org/photos/091/33/009133900983917967.jpg, Chabazite, 
https://www.mindat.org/photos/644/69/064469700983923861.jpg, Smithsonite, 
https://www.mindat.org/photos/126/75/012675500983971871.jpg, Pyromorphite, 
https://www.mindat.org/photos/646/85/064685900983999445.jpg, Bayldonite, 
https://www.mindat.org/photos/973/14/097314800984000744.jpg, Aragonite, 
https://www.mindat.org/photos/553/46/055346300984001091.jpg, Carminite, 
https://www.mindat.org/photos/028/90/002890100984357318.jpg, Calcite, 
https://www.mindat.org/photos/771/43/077143000984359582.jpg, Copper, 
https://www.mindat.org/photos/675/12/067512800983999625.jpg, Bayldonite, 
https://www.mindat.org/photos/081/83/008183700984362554.jpg, Bayldonite, 
https://www.mindat.org/photos/313/81/031381200983912080.jpg, Forsterite (Var: Peridot), Magnetite, 
https://www.mindat.org/photos/660/60/066060100983314112.jpg, Vlasovite, Gittinsite, Eudialyte, 
https://www.mindat.org/photos/157/75/015775600983918855.jpg, Almandine, 
https://www.mindat.org/photos/486/75/048675600983234654.jpg, Willemite, 
https://www.mindat.org/photos/765/12/076512400983919479.jpg, Vanadinite, 
https://www.mindat.org/photos/560/69/056069700983971901.jpg, Cerussite, Linarite, 
https://www.mindat.org/photos/047/00/004700800983972331.jpg, Azurite, 
https://www.mindat.org/photos/209/67/020967000983918185.jpg, Harmotome, Quartz, 
https://www.mindat.org/photos/562/26/056226800984360627.jpg, Bayldonite, 
https://www.mindat.org/photos/223/13/022313400984362694.jpg, Carminite, 
https://www.mindat.org/photos/801/83/080183400984363259.jpg, Mimetite, Bayldonite, 
https://www.mindat.org/photos/737/29/073729300984363430.jpg, Mimetite-Pyromorphite Series, 
https://www.mindat.org/photos/408/80/040880400984428545.jpg, Chalcotrichite, 
https://www.mindat.org/photos/851/28/085128600984428749.jpg, Erythrite, 
https://www.mindat.org/photos/306/99/030699600984357201.jpg, Brochantite, 
https://www.mindat.org/photos/083/03/008303000983918291.jpg, Almandine, 
https://www.mindat.org/photos/129/13/012913300983918590.jpg, Vanadinite, 
https://www.mindat.org/photos/330/13/033013900983972231.jpg, Cerussite, 
https://www.mindat.org/photos/546/75/054675000983918381.jpg, Smithsonite, 
https://www.mindat.org/photos/994/30/099430000983918236.jpg, Harmotome, Brewsterite, Calcite, 
https://www.mindat.org/photos/503/47/050347100983919412.jpg, Brochantite, 
https://www.mindat.org/photos/712/36/071236300983313879.jpg, Adamite, 
https://www.mindat.org/photos/452/31/045231100983972192.jpg, Sphalerite, Johannsenite, 
https://www.mindat.org/photos/908/94/090894100983918438.jpg, Mimetite (Var: Campylite), 
https://www.mindat.org/photos/707/86/070786600983999913.jpg, Agardite-(Ce), 
https://www.mindat.org/photos/843/33/084333900983972361.jpg, Corundum (Var: Ruby), 
https://www.mindat.org/photos/823/57/082357200983989593.jpg, Sphalerite, Magnetite, 
https://www.mindat.org/photos/425/69/042569000983923068.jpg, Harmotome, 
https://www.mindat.org/photos/765/51/076551800983235018.jpg, Malachite, Dolomite (Var: Zincian Dolomite), 
https://www.mindat.org/photos/047/35/004735300983917560.jpg, Hematite, 
https://www.mindat.org/photos/706/84/070684300983313351.jpg, Vlasovite, Gittinsite, Eudialyte, 
https://www.mindat.org/photos/571/96/057196200983972103.jpg, Murdochite, Smithsonite, 
https://www.mindat.org/photos/267/00/026700900983989302.jpg, Forsterite (Var: Peridot), 
https://www.mindat.org/photos/932/65/093265300983989379.jpg, Topaz, 
https://www.mindat.org/photos/914/04/091404300984356836.jpg, Birnessite, Connellite, 
https://www.mindat.org/photos/680/10/068010900983233152.jpg, Hematite, Quartz (Var: Smoky Quartz), 
https://www.mindat.org/photos/559/84/055984600984363142.jpg, Mottramite, Mimetite, 
https://www.mindat.org/photos/999/39/099939200984429675.jpg, Dolomite, 
https://www.mindat.org/photos/022/42/002242700984428986.jpg, Cornwallite, 
https://www.mindat.org/photos/265/28/026528000984429786.jpg, Devilline, 
https://www.mindat.org/photos/479/29/047929400984430620.jpg, Linarite, 
https://www.mindat.org/photos/054/01/005401700984429371.jpg, Cuprite, 
https://www.mindat.org/photos/672/73/067273200984530558.jpg, Wulfenite, 
https://www.mindat.org/photos/007/74/000774900984530494.jpg, Galena, 
https://www.mindat.org/photos/495/54/049554300984530246.jpg, Stibnite, 
https://www.mindat.org/photos/442/49/044249100984530854.jpg, Prehnite, 
https://www.mindat.org/photos/361/30/036130400984530989.jpg, Datolite, 
https://www.mindat.org/photos/855/07/085507000984533745.jpg, Sphalerite, 
https://www.mindat.org/photos/959/83/095983200984531253.jpg, Datolite, 
https://www.mindat.org/photos/562/55/056255900984662857.jpg, Magnetite, 
https://www.mindat.org/photos/326/74/032674500985204126.jpg, Spessartine, 
https://www.mindat.org/photos/002/07/000207700984768192.jpg, Limonite, 
https://www.mindat.org/photos/195/74/019574800984533558.jpg, Quartz (Var: Amethyst), 
https://www.mindat.org/photos/396/95/039695000985205067.jpg, Celestine, 
https://www.mindat.org/photos/091/87/009187700985204403.jpg, Rhodochrosite, Fluorapatite, 
https://www.mindat.org/photos/797/63/079763600984530959.jpg, Apatite, 
https://www.mindat.org/photos/643/42/064342700985205099.jpg, Vanadinite, 
https://www.mindat.org/photos/220/68/022068300985204362.jpg, Orpiment, Baryte, 
https://www.mindat.org/photos/679/41/067941700984533328.jpg, Grossular, 
https://www.mindat.org/photos/882/40/088240000985205153.jpg, Celestine, 
https://www.mindat.org/photos/474/30/047430400985205128.jpg, Calcite, 
https://www.mindat.org/photos/890/30/089030900984533294.jpg, Villiaumite, 
https://www.mindat.org/photos/726/14/072614400984663749.jpg, Sphalerite, 
https://www.mindat.org/photos/282/31/028231200985204456.jpg, Smithsonite, 
https://www.mindat.org/photos/954/10/095410100985204041.jpg, Calcite, 
https://www.mindat.org/photos/877/24/087724200985203999.jpg, Fluorapatite, 
https://www.mindat.org/photos/849/37/084937100984363021.jpg, Azurite, 
https://www.mindat.org/photos/446/71/044671100985205262.jpg, Silver, 
https://www.mindat.org/photos/641/56/064156500984530817.jpg, Malachite, 
https://www.mindat.org/photos/336/38/033638000985300931.jpg, Gold, 
https://www.mindat.org/photos/744/07/074407700985302011.jpg, Elbaite, 
https://www.mindat.org/photos/506/13/050613400985302103.jpg, Fluorapatite, 
https://www.mindat.org/photos/297/76/029776300985302815.jpg, Quartz, 
https://www.mindat.org/photos/171/44/017144300985301573.jpg, Vanadinite, 
https://www.mindat.org/photos/836/18/083618100985303286.jpg, Aeschynite-(Y), 
https://www.mindat.org/photos/144/08/014408200985303687.jpg, Arsendescloizite, 
https://www.mindat.org/photos/272/63/027263300985304572.jpg, Belovite-(Ce), 
https://www.mindat.org/photos/183/53/018353800985304837.jpg, Noonkanbahite, 
https://www.mindat.org/photos/259/01/025901100985730081.jpg, Wulfenite, 
https://www.mindat.org/photos/133/38/013338200985305211.jpg, Berzeliite, 
https://www.mindat.org/photos/957/42/095742200985730122.jpg, Thomsonite-Ca, 
https://www.mindat.org/photos/353/09/035309100985730163.jpg, Quartz (Var: Amethyst), 
https://www.mindat.org/photos/178/62/017862900984530600.jpg, Colemanite, 
https://www.mindat.org/photos/187/60/018760000985816885.jpg, Aegirine, 
https://www.mindat.org/photos/660/35/066035600985817058.jpg, Rhodochrosite, Quartz, Chalcopyrite, 
https://www.mindat.org/photos/074/44/007444100985817095.jpg, Calcite, 
https://www.mindat.org/photos/811/73/081173600985817139.jpg, Beryl (Var: Aquamarine), 
https://www.mindat.org/photos/660/49/066049600985816940.jpg, Pyrite, Calcite, 
https://www.mindat.org/photos/500/66/050066600985817294.jpg, Chalcopyrite, Pyrite, Magnetite, 
https://www.mindat.org/photos/757/16/075716000985305481.jpg, Cuprostibite, Ussingite, 
https://www.mindat.org/photos/373/97/037397600985817256.jpg, Galena, Calcite, 
https://www.mindat.org/photos/257/75/025775800985817468.jpg, Magnetite, Calcite, 
https://www.mindat.org/photos/172/78/017278500984362859.jpg, Linarite, 
https://www.mindat.org/photos/740/14/074014900985817514.jpg, Malachite, 
https://www.mindat.org/photos/263/24/026324600985817334.jpg, Diopside, 
https://www.mindat.org/photos/416/52/041652400984531026.jpg, Pyrite, Quartz, 
https://www.mindat.org/photos/978/15/097815600985300836.jpg, Silver, Acanthite, 
https://www.mindat.org/photos/301/68/030168300985817670.jpg, Grossular (Var: Hessonite), 
https://www.mindat.org/photos/160/33/016033400985817718.jpg, Spodumene, 
https://www.mindat.org/photos/015/33/001533500985817608.jpg, Dolomite, 
https://www.mindat.org/photos/241/64/0241641001367214005.jpg, Schorl, 
https://www.mindat.org/photos/324/09/032409400984533364.jpg, Rhodochrosite, 
https://www.mindat.org/photos/953/89/095389100985817641.jpg, Pyromorphite, 
https://www.mindat.org/photos/636/43/063643100984531285.jpg, Elbaite, 
https://www.mindat.org/photos/422/11/042211300984530789.jpg, Stibnite, 
https://www.mindat.org/photos/929/01/092901200984533914.jpg, Fluorite, 
https://www.mindat.org/photos/207/46/020746100984530535.jpg, Galena, 
https://www.mindat.org/photos/106/95/010695200985175858.jpg, Spessartine, 
https://www.mindat.org/photos/661/45/066145300984533177.jpg, Pyrite, Tetrahedrite, 
https://www.mindat.org/photos/813/39/081339000985175912.jpg, Boleite, 
https://www.mindat.org/photos/003/50/000350600984533425.jpg, Grossular, 
https://www.mindat.org/photos/487/66/048766400984533589.jpg, Analcime, 
https://www.mindat.org/photos/845/34/084534700985135745.jpg, Rhodochrosite, 
https://www.mindat.org/photos/866/26/086626100985178118.jpg, Rhodochrosite, Sphalerite (Var: Marmatite), 
https://www.mindat.org/photos/141/94/014194200985178339.jpg, Hydromagnesite, 
https://www.mindat.org/photos/799/12/079912700983662531.jpg, Adamsite-(Y), 
https://www.mindat.org/photos/973/13/097313400984662290.jpg, Galena, 
https://www.mindat.org/photos/921/16/092116600984662549.jpg, Cerussite, Baryte, 
https://www.mindat.org/photos/362/08/036208600985176178.jpg, Chalcopyrite, 
https://www.mindat.org/photos/808/12/080812400985176137.jpg, Copper, 
https://www.mindat.org/photos/532/98/053298200985176076.jpg, Tetrahedrite, Pyrite, 
https://www.mindat.org/photos/027/98/002798800984533679.jpg, Pectolite, Fluorite, 
https://www.mindat.org/photos/932/56/093256100984533619.jpg, Cerussite, 
https://www.mindat.org/photos/762/87/076287600984662614.jpg, Malachite, Azurite, 
https://www.mindat.org/photos/276/65/027665700984662667.jpg, Quartz, Siderite, Calcite, 
https://www.mindat.org/photos/940/02/094002100985176003.jpg, Boleite, 
https://www.mindat.org/photos/264/33/026433700985178379.jpg, Silver, Copper, 
https://www.mindat.org/photos/562/15/056215900984533400.jpg, Topaz, 
https://www.mindat.org/photos/689/67/068967100984531541.jpg, Elbaite, Quartz, 
https://www.mindat.org/photos/587/25/058725400985178189.jpg, Boleite, 
https://www.mindat.org/photos/546/18/054618200984533253.jpg, Staurolite, Almandine, 
https://www.mindat.org/photos/890/82/089082000985817740.jpg, Spodumene, 
https://www.mindat.org/photos/760/83/076083700985817776.jpg, Spodumene, 
https://www.mindat.org/photos/282/21/028221900985204270.jpg, Hackmanite, 
https://www.mindat.org/photos/990/94/099094800984662441.jpg, Aurichalcite, Baryte, Calcite, 
https://www.mindat.org/photos/452/72/045272500985203612.jpg, Quartz (Var: Smoky Quartz), 
https://www.mindat.org/photos/040/35/004035300984663045.jpg, Elbaite, 
https://www.mindat.org/photos/990/54/099054200984663010.jpg, Heulandite, 
https://www.mindat.org/photos/258/78/025878300984533718.jpg, Vesuvianite, 
https://www.mindat.org/photos/581/73/058173000984663503.jpg, Calcite, 
https://www.mindat.org/photos/024/35/002435800984663176.jpg, Quartz (Var: Smoky Quartz), Microcline, 
https://www.mindat.org/photos/947/33/094733600984662345.jpg, Celestine, 
https://www.mindat.org/photos/089/10/008910600984766703.jpg, Fluorcaphite, Villiaumite, 
https://www.mindat.org/photos/665/09/066509200985817797.jpg, Mimetite, 
https://www.mindat.org/photos/339/65/033965100985176220.jpg, Diopside, 
https://www.mindat.org/photos/202/12/020212200984767187.jpg, Benitoite, 
https://www.mindat.org/photos/964/43/096443200984662509.jpg, Smithsonite, 
https://www.mindat.org/photos/813/49/081349200985817832.jpg, Azurite, 
https://www.mindat.org/photos/405/46/040546900984768345.jpg, Arsenopyrite, 
https://www.mindat.org/photos/475/44/047544500984663244.jpg, Analcime, Stilbite-Ca, 
https://www.mindat.org/photos/027/20/002720400984768110.jpg, Limonite, 
https://www.mindat.org/photos/520/32/052032000984530884.jpg, Galena, Calcite, Chalcopyrite, 
https://www.mindat.org/photos/439/75/043975200984531593.jpg, Wulfenite, 
https://www.mindat.org/photos/996/87/099687200984663390.jpg, Elbaite, Lepidolite, 
https://www.mindat.org/photos/636/12/063612600984663431.jpg, Calcite, 
https://www.mindat.org/photos/065/79/006579900985178094.jpg, Fluorite, 
https://www.mindat.org/photos/536/07/053607600984530439.jpg, Pyrite, 
https://www.mindat.org/photos/930/26/093026600984768642.jpg, Elbaite, 
https://www.mindat.org/photos/862/93/086293900984430063.jpg, Duftite, Bayldonite, 
https://www.mindat.org/photos/754/46/075446700984662910.jpg, Brookite, Quartz (Var: Smoky Quartz), 
https://www.mindat.org/photos/023/58/002358700984768287.jpg, Fluorite, 
https://www.mindat.org/photos/297/23/029723300984530382.jpg, Opal, 
https://www.mindat.org/photos/804/16/080416700985817924.jpg, Cerussite, 
https://www.mindat.org/photos/237/29/023729900985817948.jpg, Fluorite, 
https://www.mindat.org/photos/800/10/080010400984430193.jpg, Langite, 
https://www.mindat.org/photos/162/51/016251800983313640.jpg, Vlasovite, Gittinsite, Eudialyte, 
https://www.mindat.org/photos/963/15/096315800985204521.jpg, Spessartine, 
https://www.mindat.org/photos/985/87/098587200985817860.jpg, Cerussite, Linarite, 
https://www.mindat.org/photos/089/30/008930000985817993.jpg, Gypsum, 
https://www.mindat.org/photos/462/33/046233800985818197.jpg, Smithsonite, Galena, 
https://www.mindat.org/photos/625/49/062549500985817899.jpg, Smithsonite, 
https://www.mindat.org/photos/856/68/085668000985205201.jpg, Silver, 
https://www.mindat.org/photos/585/17/058517300985204551.jpg, Microlite Group, Albite, 
https://www.mindat.org/photos/958/40/095840800985205233.jpg, Celestine, 
https://www.mindat.org/photos/107/95/010795400985818045.jpg, Duftite, Calcite, 
https://www.mindat.org/photos/779/22/077922600985818235.jpg, Calcite, 
https://www.mindat.org/photos/782/88/078288000985818321.jpg, Calcite, 
https://www.mindat.org/photos/988/77/098877000985818258.jpg, Silver, Calcite, 
https://www.mindat.org/photos/720/05/072005100985818344.jpg, Silver, Copper, 
https://www.mindat.org/photos/141/87/014187000985818376.jpg, Hematite, Pyrite, 
https://www.mindat.org/photos/109/26/010926900985818298.jpg, Dolomite, 
https://www.mindat.org/photos/890/30/089030900985818425.jpg, Silver, Copper, 
https://www.mindat.org/photos/117/16/011716400985819180.jpg, Dyscrasite, 
https://www.mindat.org/photos/599/72/059972500985818457.jpg, Baryte, 
https://www.mindat.org/photos/618/51/061851300985818609.jpg, Titanite, K Feldspar (Var: Adularia), Chlorite Group, 
https://www.mindat.org/photos/513/04/051304600985818494.jpg, Strontianite, Magnesite, 
https://www.mindat.org/photos/342/58/034258500985818806.jpg, Calcite, 
https://www.mindat.org/photos/874/55/087455500985818662.jpg, Titanite, 
https://www.mindat.org/photos/062/06/006206800985818750.jpg, Sulphur, Calcite, 
https://www.mindat.org/photos/032/13/003213900985818585.jpg, Calcite, 
https://www.mindat.org/photos/897/35/089735900985818775.jpg, Sulphur, Calcite, 
https://www.mindat.org/photos/762/39/076239000985818949.jpg, Stephanite, 
https://www.mindat.org/photos/779/93/077993400985818915.jpg, Fluorite, Quartz, 
https://www.mindat.org/photos/633/98/063398900986597503.jpg, Boleite, 
https://www.mindat.org/photos/759/83/075983300986597551.jpg, Malachite, Calcite, 
https://www.mindat.org/photos/898/25/089825400985819153.jpg, Rhodochrosite, 
https://www.mindat.org/photos/999/74/099974600986600497.jpg, Fluorite, Quartz, 
https://www.mindat.org/photos/933/38/093338600986597619.jpg, Brochantite, 
https://www.mindat.org/photos/741/41/074141300986597671.jpg, Wulfenite, 
https://www.mindat.org/photos/938/73/093873000986597718.jpg, Spessartine, 
https://www.mindat.org/photos/618/78/061878800986597588.jpg, Malachite, Calcite, 
https://www.mindat.org/photos/977/10/097710700986597694.jpg, Spessartine, 
https://www.mindat.org/photos/947/63/094763800986597775.jpg, Tetrahedrite, 
https://www.mindat.org/photos/248/07/024807300986599907.jpg, Prehnite, 
https://www.mindat.org/photos/416/89/0416890001367216253.jpg, Schorl, Albite, 
https://www.mindat.org/photos/571/78/057178300986599996.jpg, Covellite, 
https://www.mindat.org/photos/446/41/044641100986599959.jpg, Pyrite, 
https://www.mindat.org/photos/246/55/024655700986600087.jpg, Rhodochrosite, Fluorite, Quartz, 
https://www.mindat.org/photos/186/35/018635500986600026.jpg, Epidote, 
https://www.mindat.org/photos/450/27/045027800986600050.jpg, Hydroxylherderite, Schorl, 
https://www.mindat.org/photos/408/08/040808500986600229.jpg, Bornite, Quartz, 
https://www.mindat.org/photos/995/92/099592000986600273.jpg, Celestine, 
https://www.mindat.org/photos/259/01/025901900986600298.jpg, Covellite, Pyrite, 
https://www.mindat.org/photos/629/41/062941400986600368.jpg, Fluorite, 
https://www.mindat.org/photos/004/37/000437800986597743.jpg, Malachite, Chrysocolla, 
https://www.mindat.org/photos/400/89/040089700986600574.jpg, Celestine, 
https://www.mindat.org/photos/015/56/001556800986600536.jpg, Ferberite, 
https://www.mindat.org/photos/720/06/072006400986600626.jpg, Baryte, 
https://www.mindat.org/photos/707/51/070751800986816580.jpg, Chrysoberyl, 
https://www.mindat.org/photos/371/04/037104600986816785.jpg, Molybdenite, 
https://www.mindat.org/photos/273/43/027343800986599876.jpg, Quartz, 
https://www.mindat.org/photos/515/10/051510100986853698.jpg, Defernite, Hematite, 
https://www.mindat.org/photos/040/91/004091000987117879.jpg, Quartz (Var: Chalcedony), 
https://www.mindat.org/photos/626/31/062631800987117911.jpg, Uranpyrochlore (of Hogarth 1977), 
https://www.mindat.org/photos/178/54/017854000987118184.jpg, Fluorite, 
https://www.mindat.org/photos/245/84/024584300987117850.jpg, Silver, 
https://www.mindat.org/photos/706/66/070666500986853247.jpg, Aragonite (Var: Plumboan Aragonite), 
https://www.mindat.org/photos/396/50/039650700987118427.jpg, Silver, 
https://www.mindat.org/photos/201/65/020165800986848923.jpg, Greenockite, Smithsonite, 
https://www.mindat.org/photos/095/61/009561300987118554.jpg, Calcite, Fluorite, 
https://www.mindat.org/photos/699/19/069919400987118383.jpg, Mimetite, 
https://www.mindat.org/photos/484/01/048401400987118475.jpg, Silver, 
https://www.mindat.org/photos/845/38/084538400987118617.jpg, Baryte, 
https://www.mindat.org/photos/961/29/096129800987118652.jpg, Fluorite, 
https://www.mindat.org/photos/658/18/065818400987118692.jpg, Andradite, 
https://www.mindat.org/photos/325/55/032555600987118752.jpg, Quartz, Chalcopyrite, 
https://www.mindat.org/photos/340/06/034006700987118905.jpg, Stibiconite, 
https://www.mindat.org/photos/504/83/050483500987118802.jpg, Pyrite, Chalcocite, 
https://www.mindat.org/photos/732/59/073259500987118855.jpg, Baryte, 
https://www.mindat.org/photos/376/38/037638300987118879.jpg, Baryte, 
https://www.mindat.org/photos/654/22/065422500987118932.jpg, Stibnite, 
https://www.mindat.org/photos/487/22/048722600986853982.jpg, Ludlockite, 
https://www.mindat.org/xpic.php?fname=003068500987410634.jpg, Agardite-(Ce), 
https://www.mindat.org/photos/361/07/036107800987713853.jpg, Microcline (Var: Amazonite), 
https://www.mindat.org/photos/230/14/023014000987713980.jpg, Amphibole Supergroup (Var: Uralite), 
https://www.mindat.org/photos/766/59/076659800987714026.jpg, Amphibole Supergroup (Var: Uralite), 
https://www.mindat.org/photos/592/24/059224000987714055.jpg, Hornblende, 
https://www.mindat.org/photos/174/38/017438900987714099.jpg, Quartz, 
https://www.mindat.org/photos/017/65/001765600986597833.jpg, Arsenopyrite, 
https://www.mindat.org/photos/996/07/099607000987714151.jpg, Fluorite, 
https://www.mindat.org/photos/330/31/033031300987714693.jpg, Microcline (Var: Amazonite), 
https://www.mindat.org/photos/396/68/039668100987714732.jpg, Calcite, 
https://www.mindat.org/photos/091/35/009135200986816951.jpg, Titanite, 
https://www.mindat.org/photos/141/97/014197300987715088.jpg, Silver, 
https://www.mindat.org/photos/319/71/031971000985818864.jpg, Quartz (Var: Amethyst), Quartz (Var: Smoky Quartz), 
https://www.mindat.org/photos/400/82/040082400987715145.jpg, Tiger\'s Eye, 
https://www.mindat.org/photos/224/32/022432400987715207.jpg, Natrolite, 
https://www.mindat.org/photos/674/27/067427600985818836.jpg, Cacoxenite, Limonite, 
https://www.mindat.org/photos/753/29/075329400987117739.jpg, Pyrite, 
https://www.mindat.org/photos/978/60/097860500986597644.jpg, Azurite, Malachite, 
https://www.mindat.org/photos/249/68/024968200987715472.jpg, Dioptase, 
https://www.mindat.org/photos/339/46/033946400987719974.jpg, Fluorite, 
https://www.mindat.org/photos/563/14/056314100986598131.jpg, Pyrite, 
https://www.mindat.org/photos/228/88/022888600986599849.jpg, Anhydrite, 
https://www.mindat.org/photos/683/94/068394900987720064.jpg, Copper, 
https://www.mindat.org/photos/755/73/075573900987720099.jpg, Titanite, 
https://www.mindat.org/photos/923/66/092366000988422736.jpg, Topaz, 
https://www.mindat.org/photos/110/75/011075300987720179.jpg, Quartz, Pyrite, 
https://www.mindat.org/photos/113/10/011310400988422422.jpg, Silver, 
https://www.mindat.org/photos/532/21/053221700988422681.jpg, Calcite, 
https://www.mindat.org/photos/356/14/035614100988422711.jpg, Calcite, 
https://www.mindat.org/photos/721/41/072141100988422867.jpg, Quartz (Var: Smoky Quartz), 
https://www.mindat.org/photos/482/55/048255000987720326.jpg, Chalcotrichite, 
https://www.mindat.org/photos/400/16/040016400988428606.jpg, Quartz, Hematite, 
https://www.mindat.org/photos/556/01/055601300988428413.jpg, Hematite, Quartz, 
https://www.mindat.org/photos/604/26/060426500988428632.jpg, Hematite, Quartz, 
https://www.mindat.org/photos/577/27/057727300988428656.jpg, Hematite, Quartz, 
https://www.mindat.org/photos/629/16/062916800988428681.jpg, Spessartine, Fluorapatite, 
https://www.mindat.org/photos/250/40/025040200988422962.jpg, Sulphur, Aragonite, 
https://www.mindat.org/photos/092/29/009229800988428470.jpg, Fluorite, 
https://www.mindat.org/photos/542/17/054217700988428391.jpg, Sulphur, Aragonite, 
https://www.mindat.org/photos/386/09/038609600988422933.jpg, Cerussite, Malachite, 
https://www.mindat.org/photos/471/99/047199900988428715.jpg, Fluorite, 
https://www.mindat.org/photos/340/74/034074400988428774.jpg, Quartz (Var: Amethyst), 
https://www.mindat.org/photos/753/76/075376000988428737.jpg, Beryl, 
https://www.mindat.org/photos/514/06/051406400988428799.jpg, Topaz, 
https://www.mindat.org/photos/060/76/006076600988428845.jpg, Wulfenite, 
https://www.mindat.org/photos/828/33/082833000988428822.jpg, Elbaite, 
https://www.mindat.org/photos/528/08/052808200988429010.jpg, Jamesonite, 
https://www.mindat.org/photos/109/92/010992300988422641.jpg, Calcite, 
https://www.mindat.org/photos/130/66/013066500988428874.jpg, Hydroxyapophyllite-(K), 
https://www.mindat.org/photos/995/40/099540300988431040.jpg, Fluorite, 
https://www.mindat.org/photos/367/31/036731100988431108.jpg, Fluorite, Calcite, 
https://www.mindat.org/photos/763/97/076397100988431158.jpg, Beryl, 
https://www.mindat.org/photos/650/82/065082400988431205.jpg, Cerussite, 
https://www.mindat.org/photos/796/10/079610500988428503.jpg, Epidote, 
https://www.mindat.org/photos/383/77/038377600988431420.jpg, Calcite, 
https://www.mindat.org/photos/637/42/063742300988431379.jpg, Calcite, Chalcopyrite, 
https://www.mindat.org/photos/403/92/040392500988432100.jpg, Fluorite, 
https://www.mindat.org/photos/077/84/007784800988431497.jpg, Epidote, 
https://www.mindat.org/photos/305/48/030548000988431286.jpg, Tennantite, Dolomite, 
https://www.mindat.org/photos/307/85/030785500987715006.jpg, Quartz (Var: Smoky Quartz), Microcline (Var: Amazonite), 
https://www.mindat.org/photos/211/35/021135000988428442.jpg, Quartz, Hematite, 
https://www.mindat.org/photos/215/88/021588000988431545.jpg, Azurite, 
https://www.mindat.org/photos/285/41/028541200988431607.jpg, Heulandite-Ca, 
https://www.mindat.org/photos/399/00/039900100988431931.jpg, Azurite, 
https://www.mindat.org/photos/874/41/087441400988431642.jpg, Smithsonite, 
https://www.mindat.org/photos/134/90/013490500988431677.jpg, Spodumene (Var: Kunzite), 
https://www.mindat.org/photos/677/74/067774800988431971.jpg, Calcite, 
https://www.mindat.org/photos/249/24/024924300988431759.jpg, Epidote, 
https://www.mindat.org/photos/898/18/089818900988431245.jpg, Dolomite, 
https://www.mindat.org/photos/179/73/017973000988432081.jpg, Wulfenite, 
https://www.mindat.org/photos/857/31/085731200988466493.jpg, Roselite, 
https://www.mindat.org/photos/354/01/035401500988466381.jpg, Roselite, 
https://www.mindat.org/photos/477/47/047747500988432209.jpg, Libethenite, 
https://www.mindat.org/photos/412/05/041205900988466315.jpg, Roselite, Heterogenite, Smolyaninovite, 
https://www.mindat.org/photos/023/82/002382400988466436.jpg, Roselite, Heterogenite, Smolyaninovite, 
https://www.mindat.org/photos/646/07/064607100988466558.jpg, Roselite, 
https://www.mindat.org/photos/393/20/039320400986600327.jpg, Fluorite, Celestine, Calcite, Marcasite, 
https://www.mindat.org/photos/866/87/086687600988466629.jpg, Vanadinite, 
https://www.mindat.org/photos/137/06/013706100988466679.jpg, Vanadinite, 
https://www.mindat.org/photos/643/36/064336500988466712.jpg, Vanadinite, 
https://www.mindat.org/photos/529/09/052909700988431704.jpg, Stilbite-Ca, Calcite, 
https://www.mindat.org/photos/060/85/006085200987720377.jpg, Fluorite, 
https://www.mindat.org/photos/098/99/009899800988466802.jpg, Diamond, 
https://www.mindat.org/photos/495/03/049503100988432013.jpg, Pectolite, Apophyllite, 
https://www.mindat.org/photos/641/03/064103600988466919.jpg, Smithsonite, 
https://www.mindat.org/xpic.php?fname=094267700987363291.jpg, Rhodochrosite, 
https://www.mindat.org/photos/851/06/085106300988467067.jpg, Titanite, 
https://www.mindat.org/photos/992/67/099267700987720132.jpg, Lazurite, 
https://www.mindat.org/photos/731/02/073102700988467110.jpg, Chondrodite, 
https://www.mindat.org/photos/813/91/081391100988467158.jpg, Calcite (Var: Cobaltoan Calcite), Kolwezite, 
https://www.mindat.org/photos/069/52/006952900988467247.jpg, Scapolite, Sapphirine, 
https://www.mindat.org/photos/018/48/001848100988689244.jpg, Wulfenite, 
https://www.mindat.org/photos/581/94/058194200988689299.jpg, Wulfenite, 
https://www.mindat.org/photos/892/18/089218400987714897.jpg, Hematite, Rutile, 
https://www.mindat.org/xpic.php?fname=045521400987713950.jpg, Baryte, 
https://www.mindat.org/photos/148/62/014862200988689624.jpg, Chalcotrichite, 
https://www.mindat.org/photos/422/89/042289000987720285.jpg, Mottramite, 
https://www.mindat.org/photos/989/32/098932400988693793.jpg, Sturmanite, 
https://www.mindat.org/photos/157/68/015768100988694338.jpg, Phenakite, 
https://www.mindat.org/photos/365/62/036562200988694952.jpg, Rhodochrosite, Kutnohorite, 
https://www.mindat.org/photos/099/07/009907600988695779.jpg, Tourmaline, 
https://www.mindat.org/photos/957/96/095796700988695854.jpg, Torbernite, 
https://www.mindat.org/photos/904/68/090468300988422889.jpg, Fluorite, 
https://www.mindat.org/photos/500/55/050055500988695361.jpg, Elbaite, 
https://www.mindat.org/photos/209/59/020959800988695979.jpg, Baryte, 
https://www.mindat.org/photos/404/99/040499300988428578.jpg, Zoisite, 
https://www.mindat.org/photos/649/39/064939600988431085.jpg, Fluorite, 
https://www.mindat.org/photos/973/60/097360000988768776.jpg, Calcite, 
https://www.mindat.org/photos/002/47/000247900988768854.jpg, Malachite, Chrysocolla, 
https://www.mindat.org/photos/357/05/035705200988689412.jpg, Skutterudite, 
https://www.mindat.org/photos/756/73/075673500988689532.jpg, Anglesite, 
https://www.mindat.org/photos/975/10/097510700988768928.jpg, Malachite, Azurite, 
https://www.mindat.org/photos/699/05/069905600988768960.jpg, Quartz (Var: Amethyst), 
https://www.mindat.org/photos/818/83/081883400988769218.jpg, Atacamite, Pseudomalachite, 
https://www.mindat.org/photos/031/90/003190000988769488.jpg, Pyrite, 
https://www.mindat.org/photos/341/91/034191500988769523.jpg, Fluorite, 
https://www.mindat.org/photos/054/19/005419300988769594.jpg, Sphalerite, Dolomite, 
https://www.mindat.org/photos/529/66/052966500988769564.jpg, Celestine, 
https://www.mindat.org/photos/610/18/061018800988422818.jpg, Magnetite, 
https://www.mindat.org/photos/360/70/036070000988769627.jpg, Galena, Fluorite, 
https://www.mindat.org/photos/314/36/031436900988769677.jpg, Sphalerite, Quartz, 
https://www.mindat.org/photos/846/33/084633600988768906.jpg, Aragonite, 
https://www.mindat.org/photos/372/86/037286900988689668.jpg, Grossular, 
https://www.mindat.org/photos/835/66/083566600988769750.jpg, Calcite, 
https://www.mindat.org/photos/318/59/031859200988769830.jpg, Quartz (Var: Amethyst), 
https://www.mindat.org/photos/969/88/096988100988768995.jpg, Quartz (Var: Amethyst), 
https://www.mindat.org/photos/602/28/060228800988769113.jpg, Tyuyamunite, 
https://www.mindat.org/photos/343/32/034332100988769145.jpg, Tyuyamunite, 
https://www.mindat.org/photos/674/30/067430100988769171.jpg, Sulphur, Stibnite, 
https://www.mindat.org/photos/944/00/094400000988769984.jpg, Rhodochrosite, 
https://www.mindat.org/photos/052/71/005271300988769953.jpg, Pyrite, Galena, 
https://www.mindat.org/photos/902/61/090261700988770074.jpg, Pyrite, 
https://www.mindat.org/photos/479/86/047986700988770098.jpg, Aragonite, 
https://www.mindat.org/photos/901/65/090165500988770176.jpg, Gypsum, 
https://www.mindat.org/photos/522/37/052237000988769875.jpg, Epidote, Quartz, 
https://www.mindat.org/photos/603/59/060359200988770210.jpg, Strontianite, 
https://www.mindat.org/photos/564/75/056475800988770434.jpg, Wulfenite, 
https://www.mindat.org/photos/712/78/071278700988770314.jpg, Quartz (Var: Amethyst), 
https://www.mindat.org/photos/790/69/079069000988770370.jpg, Quartz (Var: Amethyst), 
https://www.mindat.org/photos/074/72/007472400988770267.jpg, Chrysocolla, Malachite, 
https://www.mindat.org/photos/382/06/038206100988770411.jpg, Quartz (Var: Amethyst), 
https://www.mindat.org/photos/500/92/050092000988770696.jpg, Bournonite, 
https://www.mindat.org/photos/745/71/074571800988770391.jpg, Quartz (Var: Amethyst), 
https://www.mindat.org/photos/779/97/077997500988770735.jpg, Hydroxyapophyllite-(K), Prehnite, 
https://www.mindat.org/photos/765/34/076534600988770510.jpg, Andradite (Var: Demantoid), 
https://www.mindat.org/photos/670/03/067003400988770766.jpg, Quartz (Var: \, 
https://www.mindat.org/photos/985/60/098560200988771153.jpg, Copper, 
https://www.mindat.org/photos/707/98/070798800988770836.jpg, Quartz, Chrysocolla, 
https://www.mindat.org/photos/848/24/084824900988771047.jpg, Quartz (Var: Smoky Quartz), 
https://www.mindat.org/photos/660/53/066053600988771220.jpg, Opal (Var: Precious Opal), 
https://www.mindat.org/photos/972/36/097236000988771278.jpg, Precious Opal (Var: Black Opal), 
https://www.mindat.org/photos/872/03/087203500988771118.jpg, Fluorite, Quartz, 
https://www.mindat.org/photos/654/41/065441400988771365.jpg, Quartz (Var: \, 
https://www.mindat.org/photos/618/77/061877400988769716.jpg, Rhodochrosite, 
https://www.mindat.org/photos/015/38/001538800988771329.jpg, Opal (Var: Precious Opal), 
https://www.mindat.org/photos/764/48/076448000988776779.jpg, Celestine, 
https://www.mindat.org/photos/775/99/077599700988771394.jpg, Quartz, Petrified Wood, 
https://www.mindat.org/photos/098/17/009817500988777534.jpg, Copper, 
https://www.mindat.org/photos/596/43/059643900988777237.jpg, Tetrahedrite, Pyrite, Quartz, Calcite, 
https://www.mindat.org/xpic.php?fname=057729300989168666.jpg, Gypsum, 
https://www.mindat.org/xpic.php?fname=035106700989169633.jpg, Gypsum, 
https://www.mindat.org/photos/466/67/046667600989274411.jpg, Fluorapatite, 
https://www.mindat.org/xpic.php?fname=049115600989173327.jpg, Kyanite, 
https://www.mindat.org/photos/470/38/047038700989274723.jpg, Cubanite, 
https://www.mindat.org/photos/817/59/081759500988695680.jpg, Elbaite, 
https://www.mindat.org/photos/778/25/077825500988770464.jpg, Quartz, 
https://www.mindat.org/photos/579/95/057995900988776519.jpg, Calcite, 
https://www.mindat.org/photos/306/76/030676100988777284.jpg, Sphalerite, Calcite, 
https://www.mindat.org/photos/034/66/003466200988776574.jpg, Quartz (Var: Milky Quartz), 
https://www.mindat.org/photos/693/76/069376500988768803.jpg, Calcite, 
https://www.mindat.org/photos/418/52/041852700988770877.jpg, Smithsonite, 
https://www.mindat.org/photos/951/12/095112100988769386.jpg, Celestine, Calcite, 
https://www.mindat.org/photos/319/89/031989200988768708.jpg, Gypsum, 
